"Latitude";"Longitude";"Distance";"Icon";"Description"
56.478928;38.04471;5.0;"q";"<b>ФГУП «Радон»</b><br>Утилизация радиоактивных отходов<br><i>Москва и Московская область</i>"
55.739785;37.573154;0.47577540499600757;"q";"<b>ФГУП «Радон»</b><br>Утилизация радиоактивных отходов<br><i></i>"
55.827606;37.413436;0.35398356763137606;"q";"<b>ФГУП «Радон»</b><br>Служба радиационно-аварийных работ. Утилизация радиоактивных отходов<br><i></i>"
55.898662;37.521513;0.2857369757152871;"q";"<b>ФГУП «Радон»</b><br>Утилизация радиоактивных отходов<br><i></i>"
55.691169;37.778319;0.7226098548128186;"q";"<b>ФГУП «Радон»</b><br>Утилизация радиоактивных отходов<br><i></i>"
56.478928;38.04471;5.0;"q";"<b>ФГУП «Радон»</b><br>Утилизация радиоактивных отходов<br><i>Сергиев-Посадский район</i>"
55.8;37.45;0.12802151324413227;"r";"<b>Москва,</b><br>Мытищи, Троицк, Подольск, Лыткарино, Старая Купавна<br>28 объектов<br><i></i>"
55.85;37.5;0.36840522082522215;"r";"<b>Москва</b><br>22 объекта<br><i></i>"
55.651;37.663;0.6439193629753899;"r";"<b>Атомный кластер на Каширском шоссе</b><br><a href=@https://mephi.ru/science/units/Research_nuclear_reactor/@>МИФИ</a> (на территории действует ядерный реактор)<br><a href=@http://www.vniiht.ru/@>ВНИИХТ</a> (разработка технологий получения урана)<br><a href=@http://www.vniia.ru/@>ВНИИА им. Духова,</a> пл. «Москворечье» (предприятие ядерно-оружейного комплекса)<br><a href=@https://www.fcnrs.ru/@>Федеральный центр ядерной и радиационной безопасности</a><br><i></i>"
55.64655;37.67036;0.27956072891073197;"r";"<a href='http://www.vniiht.ru/'><b>ВНИИ химической технологии</b></a><br>Разработка технологий получения урана<br>На территории образуются радиоактивные отходы<br>Имеется зона радиоактивного загрязнения<br><i></i>"
55.853508;37.5367;0.3812663014507137;"r";"<a href='http://vniiht.ru/branches'><b>Опытный химико-технологический завод ОАО «ВНИИХТ»</b></a><br>Испытания технологий добычи урана<br><i></i>"
55.64794;37.671196;0.4422571168014222;"r";"<a href='https://www.fcnrs.ru/'><b>Федеральный центр ядерной и радиационной безопасности</b></a><br><i></i>"
55.65;37.664727;0.5722366871425792;"r";"<a href='https://mephi.ru/science/units/Research_nuclear_reactor/'><b>МИФИ</b></a><br>На территории действует испытательный ядерный реактор<br><i></i>"
55.643447;37.673428;0.25518407621728917;"r";"<a href='http://www.vniia.ru/'><b>ВНИИ автоматики им. Духова, площадка «Москворечье»</b></a><br>Предприятие ядерно-оружейного комплекса<br><i></i>"
55.783;37.603;0.312711282418889;"r";"<a href='http://www.vniia.ru/'><b>ВНИИ автоматики им. Духова, площадка «Новослободская»</b></a><br>Предприятие ядерно-оружейного комплекса<br><i></i>"
55.872;37.571;0.20043605121554076;"r";"<a href='http://www.vniia.ru/'><b>ВНИИ автоматики им. Духова, площадка «Отрадное»</b></a><br>Центр робототехники и аварийного реагирования. Аварийно-спасательные работы на радиационно-опасных объектах<br><i></i>"
55.623;37.669;0.2122936845616658;"r";"<a href='http://www.vniia.ru/'><b>ВНИИ автоматики им. Духова, площадка «Царицыно»</b></a><br>Бывший НИИ импульсной техники.<br>Предприятие ядерно-оружейного комплекса<br><i></i>"
55.924;37.794;5.0;"r";"<a href='http://www.vniia.ru/'><b>ВНИИ автоматики им. Духова, площадка «Мытищи»</b></a><br>НПЦ автотранспортного оборудования.<br>Предприятие ядерно-оружейного комплекса<br><i></i>"
55.672603;37.625257;0.41166929158182736;"r";"<a href='http://www.niitfa.ru/'><b>НИИ технической физики и автоматизации</b></a><br>Производство радиофизической аппаратуры<br><i></i>"
55.786621;37.653751;0.09821140160500033;"r";"<a href='http://www.nikiet.ru/'><b>Институт энерготехники им. Доллежаля</b></a><br>Конструирование и испытания ядерных энергетических установок<br><i></i>"
55.814;37.761;0.7372894428717077;"r";"<a href='http://www.nikiet.ru/'><b>Институт энерготехники им. Доллежаля</b></a><br>Производственная база «Калошино».<br>Конструирование и испытания ядерных энергетических установок<br><i></i>"
55.8463;37.6534;0.27012651713104047;"r";"<a href='http://www.nikiet.ru/'><b>Институт энерготехники им. Доллежаля</b></a><br>Производственная база «Бабушкино».<br>Конструирование и испытания ядерных энергетических установок<br><i></i>"
55.798769;37.632401;0.43970487327966773;"r";"<a href='http://atomst.ru/'><b>База спецперевозок ФГУП «Атомспецтранс»</b></a><br>Транспортировка грузов ГК «Росатом»<br><i></i>"
55.810337;37.629445;0.3009906981651465;"r";"<a href='http://pemstn.ru/'><b>Промэлектромонтаж</b></a><br>Строительство и ремонт атомных объектов<br><i></i>"
55.729412;37.560891;0.42937436028136194;"r";"<a href='http://www.isotop.ru/'><b>Всерегиональное объединение «Изотоп»</b></a><br>Поставщик изотопной продукции и радиационной техники<br><i></i>"
55.8;37.477;0.3133533697876536;"r";"<b>Атомный кластер в районе Щукино</b><br><a href=@http://www.nrcki.ru/@>РНЦ «Курчатовский институт»</a> и еще 6 объектов<br><i></i>"
55.801305;37.477026;0.19439196514204482;"r";"<a href='http://www.nrcki.ru/'><b>РНЦ «Курчатовский институт»</b></a><br><i></i>"
55.792625;37.461373;0.3278850434095908;"r";"<a href='http://vniinm.ru/'><b>НИИ неорганических материалов им. Бочвара</b></a><br><i></i>"
55.8;37.454722;0.3043906395837123;"r";"<a href='http://www.fmbafmbc.ru/'><b>Федеральный медицинский биофизический центр им. Бурназяна</b></a><br><i></i>"
55.799937;37.451627;0.11263061074123046;"r";"<a href='http://fcpr.ru/'><b>Завод «Медрадиопрепарат»</b></a><br>Разработка и производство радиофармпрепаратов<br><i></i>"
55.791025;37.481446;0.1072676647861283;"r";"<a href='http://www.sniip.ru/'><b>Специализированный НИИ приборостроения</b></a><br>Ядерное приборостроение<br><i></i>"
55.808741;37.465461;0.5550550758943442;"r";"<b>НИЦ радиационной безопасности космических объектов</b><br><i></i>"
55.798533;37.45338;0.29812295335431255;"r";"<b>Комбинат по дезактивации спецодежды и оборудования ФГУП «Радон»</b><br><i></i>"
55.752853;37.65285;0.43693137896333056;"r";"<a href='http://www.nifhi.ru/'><b>Физико-химический институт им. Карпова, Московский филиал</b></a><br><i></i>"
55.676786;37.585623;0.7058385003161963;"r";"<a href='http://www.itep.ru/'><b>Институт теоретической и экспериментальной физики</b></a><br>Фундаментальные исследования по ядерной физике<br><i></i>"
55.726415;37.753294;0.5707969670257526;"r";"<a href='http://www.molniya.ru/'><b>Машиностроительный завод «Молния»</b></a><br>Оборудование для АЭС и оборонная продукция<br><i></i>"
55.644;37.687;0.7207447047654393;"q";"<a href='http://www.mzp.ru/'><b>Московский завод полиметаллов</b></a><br>Радиоактивные отходы в грунте на набережной Москвы-реки. Проводится экологическая реабилитация территории<br><i></i>"
55.478215;37.306867;0.5851497453807447;"r";"<a href='http://www.triniti.ru/'><b>Институт инновационных и термоядерных исследований</b></a><br>На территории действуют термоядерные установки и ускорители<br><i>Троицк</i>"
55.562488;37.944996;5.0;"r";"<a href='http://niipriborov.ru/'><b>НИИ приборов</b></a><br>На территории действуют исследовательские реакторы, ускорители заряженных частиц и хранилища ядерных материалов<br><i>Лыткарино</i>"
55.417;37.575;5.0;"r";"<b>Подольск</b><br><a href=@http://sialuch.com/@>НПО Луч</a><br><a href=@http://www.gidropress.podolsk.ru/@>ОКБ Гидропресс</a><br><i></i>"
55.417494;37.575152;5.0;"r";"<a href='http://www.gidropress.podolsk.ru/'><b>ОКБ Гидропресс</b></a><br>Разработка ядерных реакторов<br><i>Подольск</i>"
55.432362;37.567406;4.017111436399902;"r";"<a href='http://sialuch.com/'><b>НПО Луч</b></a><br>Разработка и производство ядерного топлива<br><i>Подольск</i>"
55.797;38.186;5.0;"r";"<a href='http://www.isotop.ru/'><b>Всерегиональное объединение «Изотоп»</b></a><br>Поставщик изотопной продукции и радиационной техники<br><i>Старая Купавна</i>"
56.746;37.189;5.0;"r";"<b>Дубна</b><br><a href=@http://www.jinr.ru/@>Объединенный институт ядерных исследований</a><br><a href=@http://iftp.ru/@>Институт физико-технических проблем</a><br><i></i>"
56.740837;37.220883;5.0;"r";"<a href='http://iftp.ru/'><b>Институт физико-технических проблем</b></a><br>Производство радиоизотопных приборов<br><i>Дубна</i>"
56.731938;37.186929;5.0;"r";"<a href='http://www.jinr.ru/'><b>Объединенный институт ядерных исследований</b></a><br>На территории действует комплекс ускорителей и ядерный реактор<br><i>Дубна</i>"
55.788053;38.469722;5.0;"r";"<a href='http://www.elemash.ru/'><b>Машиностроительный завод</b></a><br>Производство ядерного топлива<br><i>Электросталь</i>"
55.886063;38.780968;5.0;"r";"<a href='http://www.erec.ru/'><b>НИЦ безопасности атомных электростанций</b></a><br>На территории действуют испытательные ядерные реакторы<br><i>Электрогорск</i>"
54.86605;37.21005;5.0;"r";"<a href='http://www.ihep.su/'><b>Институт физики высоких энергий</b></a><br>На территории действует комплекс ускорителей заряженных частиц<br><i>Протвино</i>"
55.3256532;37.5092554;5.0;"q";"<b>Подольский завод цветных металлов</b><br>Очаги радиационного загрязнения на территории завода: отвал, хранилище радиоактивных отходов, свалка радиоактивного металла<br><i>пос. Львовский, Подольский район</i>"
55.426627;37.5762677;4.820607791271974;"q";"<b>Подольский химико-металлургический завод</b><br>(не работает)<br>Очаги радиационного загрязнения в районе завода (последствия переработки лопаритовой руды)<br><i>Подольск</i>"
55.4403108;37.6573563;5.0;"q";"<b>Полигон ТБПО «Щербинка»</b><br>Захоронение радиоактивных отходов Подольского химико-металлургического завода<br><i>Домодедовский район</i>"
55.9994429;37.6344073;5.0;"q";"<a href='https://ru.wikipedia.org/wiki/%D0%96%D0%BE%D1%81%D1%82%D0%BE%D0%B2%D0%BE_(%D0%B4%D0%B5%D1%80%D0%B5%D0%B2%D0%BD%D1%8F)'><b>Радиационная аномалия у д. Жостово</b></a><br>Радиоактивное захоронение неизвестного происхождения в районе бывшего Жостовского карьера<br>(проведена дезактивация)<br><i>Мытищинский район</i>"
55.6177339;37.4669731;0.2955310425660758;"q";"<b>Бывшее радиационное загрязнение на территории завода «Мосрентген»</b><br>Имелось хранилище радиоактивных отходов, законсервированное в 1962 г. Ликвидировано в 2014 г.<br><i>Технопарк «Мосрентген», Новомосковский округ</i>"
55.7963599;38.4359908;5.0;"r";"<b>Зона вероятного радиационного загрязнения</b><br>Возникла 12.04.13 в результате переплавки радиоактивного лома на ЭЗТМ (по данным из открытых источников)<br><i>Электросталь</i>"
55.7797106;38.4784126;5.0;"r";"<b>Радиоактивные отходы Машиностроительного завода</b><br>Хвостовое хозяйство&nbsp;— хранилища жидких и твердых радиоактивных отходов, а также зона радиационного заражения вдоль ручья Безымянного-2 и реки Ходцы, возникшая в результате прорыва дамбы хранилища в 1950 г.<br><i>Электросталь</i>"
55.5640413;38.1805801;5.0;"q";"<b>Раменская радиационная аномалия у о. Солнечное</b><br>Захоронение радиоактивных отходов неизвестного происхождения<br><i>Раменский район</i>"
55.5637744;38.1799954;5.0;"r";"<b>Раменская радиационная аномалия у о. Солнечное</b><br>Захоронение радиоактивных отходов неизвестного происхождения<br><i>Раменский район</i>"
56.0634054;37.0634347;5.0;"q";"<b>Поваровская радиационная аномалия</b><br>Зона повышенного радиационного фона, возникшая в результате многолетнего сброса воды из котельной, которая брала воду из радиоактивного источника.<br>Засыпана слоем грунта<br><i>пос. Поварово, Солнечногорский район</i>"
56.0631538;37.0627668;5.0;"r";"<b>Поваровская радиационная аномалия</b><br>Зона повышенного радиационного фона, возникшая в результате многолетнего сброса воды из котельной, которая брала воду из радиоактивного источника.<br>Засыпана слоем грунта<br><i>пос. Поварово, Солнечногорский район</i>"
55.6508932;37.6592445;0.6266146744316844;"r";"<b>Территория радиоактивного загрязнения на берегу Москвы-реки</b><br><i></i>"
55.8533317;37.5180265;0.27816711116455084;"r";"<b>Территория радиоактивного загрязнения на берегу реки Лихоборка</b><br><i></i>"
55.7234204;37.7412558;0.5285611739478124;"r";"<b>Территория радиоактивного загрязнения, завод «Молния»</b><br><i></i>"
55.8014582;37.4778025;0.22167032463963338;"r";"<b>Территория РНЦ «Курчатовский институт»</b><br><i></i>"
55.6724929;37.5877905;0.5047728021112665;"r";"<b>Территория ИТЭФ</b><br><i></i>"
55.303611;38.691389;5.0;"o";"<a href='http://www.uralchem.ru/about/assets/64/'><b>Воскресенские минеральные удобрения</b></a><br>(Воскресенский химический комбинат)<br>Уралхим<br><i>Воскресенск</i>"
55.788611;38.464444;5.0;"o";"<a href='http://ehmz.ru/'><b>Электростальский химико-механический завод</b></a><br><i>Электросталь</i>"
55.256944;38.745833;5.0;"o";"<a href='https://www.lafargeholcim.ru/ru'><b>Воскресенский цементный завод</b></a><br>На консервации с октября 2016 г. из-за снижения спроса на цемент<br>LafargeHolcim<br><i>Воскресенск</i>"
55.061944;38.828611;5.0;"o";"<a href='https://www.lafargeholcim.ru/ru'><b>Щуровский цементный завод</b></a><br>LafargeHolcim<br><i>Коломна</i>"
55.276944;38.736667;5.0;"o";"<a href='http://www.vdsk.ru/'><b>Воскресенский домостроительный комбинат</b></a><br><i>Воскресенск</i>"
55.325;38.705556;5.0;"o";"<a href='http://fetr.org'><b>Промышленная группа «Горизонт-Фетр»</b></a><br><i>Воскресенск</i>"
55.201667;38.781389;5.0;"o";"<a href='http://www.eurocement.ru/cntnt/rus/production3/zavody1/rossiya/oao_peskov2.html'><b>Песковский комбинат строительных материалов</b></a><br>Группа Евроцемент<br><i>Пески, Коломенский район</i>"
55.883056;37.621111;0.4158822650945736;"o";"<a href='http://www.eurocement.ru/cntnt/rus/production3/zavody1/rossiya/evrobeton5.html'><b>Асфальтобетон-Медведково</b></a><br>Группа Евроцемент<br><i>Чермянская улица, 5</i>"
55.773056;37.508611;0.321151313540229;"o";"<a href='http://www.eurocement.ru/cntnt/rus/production3/zavody1/rossiya/specstrojb.html'><b>Завод ЖБИ № 17</b></a><br>Группа Евроцемент<br><i>3-й Силикатный проезд, 10</i>"
55.797;38.935;5.0;"o";"<a href='http://www.karbolit.ru/ http://www.interpon.ru/ http://www.metadynea.ru http://phenoplast.com/ http://artekorus.ru https://www.vazaplast.ru'><b>Предприятия на площадке бывшего завода пластмасс «Карболит»</b></a><br>«<a href=@http://www.interpon.ru/@>Акзо Нобель Лакокраска</a>» (порошковые краски)<br>&nbsp; «<a href=@http://www.metadynea.ru@>Метадинеа</a>» (синтетические смолы)<br>&nbsp; «<a href=@http://phenoplast.com/@>Фенопласт</a>» (фенольные формовочные материалы&nbsp;&mdash; фенопласты)<br>&nbsp; «<a href=@http://artekorus.ru@>Артэко-Рус</a>» (растворы органической и синтетической химии)<br>&nbsp; «<a href=@https://www.vazaplast.ru@>Вазапласт</a>» (теплоизолированные трубы с применением пенополиуретана)<br>и др.<br><i>Орехово-Зуево</i>"
55.414444;38.971667;5.0;"o";"<a href='http://ru.kronospan-express.com/ru'><b>Завод «Кроношпан»</b></a><br>Производство ДСП и ламината<br><i>Егорьевск</i>"
55.388333;39.016111;5.0;"o";"<a href='http://www.egaac.ru'><b>Егорьевский завод строительных материалов</b></a><br><i>Егорьевск</i>"
55.368889;38.997778;5.0;"o";"<a href='http://www.saint-gobain.ru'><b>Завод «Сен-Гобен Изовер»</b></a><br>Производство термоизоляции из минеральной ваты<br><i>Егорьевск</i>"
55.3731608;39.0256691;5.0;"o";"<a href='http://www.ostendorf.ru/'><b>Заводы «Остендорф Рус» и «Европейские пластиковые технологии»</b></a><br>Производство полимерных труб и фитингов из полипропилена, пластиковых окон<br><i>Егорьевск</i>"
55.6661856;39.8779678;5.0;"o";"<b>Бывший Рошальский химический комбинат, площадка 1</b><br>Рошальский завод фторопластовых изделий<br>Сокол-Р (производство пороха)<br>Рошальский завод лаков и красок<br>и др.<br><i>Рошаль</i>"
55.6814317;39.8959064;5.0;"o";"<b>Бывший Рошальский химический комбинат, площадка 2</b><br><a href=@http://rzplast.ru@>Рошальский завод пластификаторов</a><br>Фирма «Аметист» (производство поролона), входит в группу компаний <a href=@http://foamline.ru/@>«Фомлайн»</a><br>Рошальский завод пластмасс<br>и др.<br><i>Рошаль</i>"
55.9430478;37.7816391;5.0;"o";"<a href='http://www.perlit.su/'><b>ОАО «Стройперлит»</b></a><br>Производство теплоизоляционного материала из минерального сырья&nbsp;&mdash; перлита<br><i>Мытищи</i>"
55.904444;38.011389;5.0;"o";"<a href='http://www.gammaflex.ru/'><b>Гаммафлекс</b></a><br>Производство полимерной упаковки<br><i>Щелково</i>"
55.9175;38.028333;5.0;"o";"<a href='http://aisberg-beton.ru/'><b>Асфальто-бетонный завод «Стройбетон»</b></a><br>ООО «Айсберг»<br><i>Щелково</i>"
55.905556;37.791389;5.0;"o";"<a href='http://aisberg-beton.ru/'><b>Бетонный завод «Стройбетон»</b></a><br>ООО «Айсберг»<br><i>Королев</i>"
55.927086;38.053036;5.0;"E";"<a href='http://schru.ru'><b>ОАО «Щелковское рудоуправление»</b></a><br>Производство минерального порошка для изготовления асфальтобетона<br><i>Щелково</i>"
55.459392;37.56689;1.5797341226708415;"o";"<a href='http://www.podolsk-cement.ru'><b>Цементный завод «Подольск-Цемент»</b></a><br><i>Подольск</i>"
55.459167;37.5725;1.908364282732144;"o";"<a href='http://www.podolskogneupor.ru/'><b>Подольскогнеупор</b></a><br><i>Подольск</i>"
55.430556;37.583611;4.651760385634028;"o";"<b>Заводы по производству кабельной продукции</b><br><a href=@http://www.podolskkabel.ru@>«Подольсккабель»</a><br><a href=@http://www.mikroprovod.ru@> «Микропровод»</a><br><a href=@http://elprovod.ru@> «Электропровод»</a><br><i>Подольск</i>"
54.929805;37.378578;5.0;"o";"<a href='http://ximvolokno.ru/'><b>Завод «Химволокно»</b></a><br><i>Серпухов</i>"
54.945682;37.41128;5.0;"o";"<a href='http://www.ursa.ru/about/ursa_in_russia/'><b>Завод «Урса»</b></a><br>Производство стекловаты<br><i>Серпухов</i>"
54.917967;37.391281;5.0;"o";"<a href='http://kojavalom.ru'><b>Кожевенный завод «Труд»</b></a><br><i>Серпухов</i>"
56.3447067;36.7053223;5.0;"o";"<b>Бывший комбинат «Химволокно»</b><br>Группа предприятий на площадке распавшегося предприятия<br><i>Клин</i>"
56.3291968;36.6855383;5.0;"o";"<a href='http://www.thermopribor.com'><b>Термоприбор</b></a><br>Производство ртутных термометров<br><i>Клин</i>"
56.3329083;36.7215872;5.0;"o";"<b>Бывший завод Медстекло</b><br>Группа предприятий на площадке распавшегося предприятия<br><i>Клин</i>"
55.704444;37.444444;0.2731869885893632;"o";"<a href='http://www.rti-kauchuck.ru/'><b>Завод «РТИ-Каучук»</b></a><br>Производство резиновых смесей и изделий из резины<br><i>Генерала Дорохова улица, 6</i>"
55.708611;37.446667;1300.0;"o";"<b> Завод «Асфальтобетон»</b><br>Производство асфальта. Источник смога и неприятного запаха в близлежащих районах<br><i>Очаково-Матвеевское</i>"
55.685556;37.448611;0.6044436381895442;"o";"<b>Домостроительный комбинат № 2</b><br>Группа компаний «ПИК»<br><i>Можайский район</i>"
55.528056;37.575278;0.8963329964339016;"o";"<b>Асфальто-бетонное производство</b><br>Источник дыма и копоти<br><i>Проектируемый проезд 185</i>"
55.685278;37.608333;0.30125299990966337;"o";"<b>Территория асфальтобетонного завода «Вираж»</b><br>Асфальто-бетонный завод<br><a href=@http://www.grida.su/@>Завод «Грида»</a> (производство битумных мастик и дорожных покрытий)<br><i>Нагорный район</i>"
55.585833;37.624444;0.48930841718254187;"o";"<b>Асфальтобетонный завод ГБУ «Автомобильные дороги»</b><br>Построен в 2015 г. по современным технологиям<br><i>Бирюлево Западное</i>"
55.855833;37.533889;0.2927116048673338;"o";"<a href='http://www.aurat.ru/'><b>Завод «Аурат»</b></a><br>(химический завод им. Войкова)<br>Производство химических реактивов и соединений драгоценных металлов<br><i>4-й Лихачёвский переулок, 6</i>"
55.752531;37.741498;0.7492485433290641;"o";"<a href='https://www.rosneft.ru/business/Downstream/production_of_lubricants/Moskovskij_zavod_Nefteprodukt/'><b>Московский завод «Нефтепродукт»</b></a><br>Производство смазочных, защитных и консервационных материалов<br>Роснефть<br><i>шоссе Энтузиастов, 38, Перово</i>"
55.74;37.790556;1400.0;"o";"<a href='https://ru.wikipedia.org/wiki/%D0%9A%D1%83%D1%81%D0%BA%D0%BE%D0%B2%D1%81%D0%BA%D0%B8%D0%B9_%D0%B7%D0%B0%D0%B2%D0%BE%D0%B4_%D0%BA%D0%BE%D0%BD%D1%81%D0%B8%D1%81%D1%82%D0%B5%D0%BD%D1%82%D0%BD%D1%8B%D1%85_%D1%81%D0%BC%D0%B0%D0%B7%D0%BE%D0%BA'><b>Кусковский завод консистентных смазок</b></a><br>РЖД<br><i>2-я Владимирская улица, 64</i>"
55.802778;37.577778;500.0;"o";"<a href='http://www.svobodako.ru/'><b>Фабрика «Свобода»</b></a><br>Производство мыла и косметики<br>Источник неприятных запахов<br>Планируется переезд в Медведково<br><i>Вятская улица, 47</i>"
55.553611;37.7625;1900.0;"w";"<a href='http://www.mechel.ru/sector/mining/mkz/'><b>Московский коксогазовый завод</b></a><br>Мечел<br><i>Видное</i>"
55.768611;38.463889;5.0;"w";"<a href='http://www.elsteel.ru/'><b>Металлургический завод «Электросталь»</b></a><br><i>Электросталь</i>"
54.814144;38.251298;5.0;"w";"<a href='http://www.tis-steel.ru/'><b>Каширский завод стали с покрытием</b></a><br>Производство оцинкованного листа<br>Техинвестстрой<br><i>Кашира</i>"
55.59;36.45;5.0;"o";"<a href='http://www.mknp.ru'><b>Завод «Московская кофейня на паях»</b></a><br>Обжарка натурального и производство растворимого кофе<br><i>Тучково</i>"
55.728056;37.686667;1200.0;"o";"<a href='http://www.mikoyan.ru/'><b>Микояновский мясокомбинат</b></a><br>Источник неприятного запаха<br><i>Талалихина улица, 41с9</i>"
55.805278;37.970556;5.0;"w";"<a href='http://www.cryogenmash.ru/'><b>Криогенмаш</b></a><br>Оборудование для производства и хранения технических газов<br>Группа ОМЗ<br><i>Балашиха</i>"
55.796111;38.4525;5.0;"w";"<a href='http://www.eztm.ru/'><b>Электростальский завод тяжелого машиностроения</b></a><br><i>Электросталь</i>"
55.324444;38.686111;5.0;"w";"<a href='http://vosemz.ru/'><b>Электромеханический завод</b></a><br><i>Воскресенск</i>"
55.255;38.751111;5.0;"w";"<a href='http://vzmpro.ru/'><b>Воскресенский завод «Машиностроитель»</b></a><br><a href=@http://gpfk.ru/spectehnika/@>Горнопромышленная финансовая компания</a><br><i>Воскресенск</i>"
55.087778;38.813889;5.0;"w";"<a href='http://www.kolomnadiesel.com/'><b>Коломенский завод</b></a><br>Производство локомотивов<br><i>Коломна</i>"
55.07028;38.78556;5.0;"w";"<a href='https://www.stan-company.ru/'><b>Станкотех</b></a><br>Производство сверхтяжелого оборудования и специальных станков<br>Создан на базе бывшего Коломенского завода тяжелых станков<br>Группа «Стан»<br><i>Коломна</i>"
55.805278;37.591111;0.3021527643693272;"w";"<a href='https://www.stan-company.ru/'><b>Завод «Шлифовальные станки»</b></a><br>Группа «Стан»<br><i>Складочная ул., 1с22</i>"
55.9073659;37.7582932;3.8650816208306407;"w";"<a href='http://www.metrowagonmash.ru/'><b>Метровагонмаш</b></a><br><i>Мытищи</i>"
55.92;37.770556;5.0;"w";"<a href='http://www.mem3.ru'><b>Мытищинский электромеханический завод</b></a><br>Производство трансформаторов и другого оборудования для электросетей<br><i>Мытищи</i>"
55.8845787;37.7357197;0.9705978405386799;"w";"<a href='http://www.oaopzeo.ru/'><b>Перловский опытный завод экспериментального энергетического оборудования</b></a><br>Производство оборудования для тепловых и атомных электростанций<br><i>Мытищи</i>"
55.908424;38.038444;5.0;"w";"<a href='http://www.ena.ru/'><b>Завод «Электронасосный агрегат» (ЭНА)</b></a><br><i>Щелково</i>"
55.415;37.570833;5.0;"w";"<a href='http://www.podolskmash.ru'><b>Подольский машиностроительный завод</b></a><br><i>Подольск</i>"
54.919102;37.414798;5.0;"w";"<a href='http://www.szmetallist.ru'><b>Серпуховский завод «Металлист»</b></a><br><i>Серпухов</i>"
54.937892;37.461233;5.0;"w";"<b>Завод «РАТЕП»</b><br>Радиотехническое предприятие<br>Алмаз-Антей<br><i>Серпухов</i>"
54.903333;37.428333;5.0;"w";"<a href='http://kvar.su'><b>Конденсаторный завод</b></a><br><i>Серпухов</i>"
55.772222;37.721667;1200.0;"o";"<a href='http://www.salut.ru/'><b>НПЦ газотурбостроения «Салют»</b></a><br>Производство авиационных двигателей и энергетических установок<br>Источник шума и выбросов<br><i>Будённого проспект, 16</i>"
54.9075;38.067778;5.0;"o";"<a href='http://cmk-group.ru/'><b>Ступинский металлургический комбинат</b></a><br>Группа СМК<br><i>Ступино</i>"
54.8179108;38.2508835;5.0;"o";"<a href='http://эталит.рф/'><b>Каширский завод «Эталит»</b></a><br>Производство бронзового литья<br><i>Кашира</i>"
55.927222;38.02;5.0;"o";"<a href='http://zavodvdm.ru/'><b>Щёлковский завод вторичных драгоценных металлов</b></a><br>Переработка золото- и серебросодержащих отходов<br><i>Щелково</i>"
55.649167;37.809444;2500.0;"o";"<a href='http://mnpz.gazprom-neft.ru/'><b>Московский НПЗ</b></a><br>Газпромнефть<br><i>Капотня</i>"
55.861412;37.656666;0.3234533971406964;"K";"<a href='http://www.mosenergoinform.ru/veer_rts/1rts.htm'><b>Районные тепловые станции Бабушкинская-1 и «Бабушкинская-2»</b></a><br><i>Искры ул., д. 17</i>"
55.861509;37.658243;0.3317039587549694;"K";"<a href='http://www.mosenergoinform.ru/veer_rts/1rts.htm'><b>Районная тепловая станция Бабушкинская-1</b></a><br><i>Искры ул., д. 17</i>"
55.861412;37.656666;0.3234533971406964;"K";"<a href='http://www.mosenergoinform.ru/veer_rts/2rts.htm'><b>Районная тепловая станция Бабушкинская-2</b></a><br><i>Искры ул., д. 17б</i>"
55.588371;37.660328;0.36871881582133637;"K";"<a href='http://www.mosenergoinform.ru/veer_rts/3rts.htm'><b>Районная тепловая станция Бирюлево</b></a><br><i>Лебедянская ул., д. 3</i>"
55.645;37.593611;0.11290468098415496;"K";"<a href='http://www.mosenergoinform.ru/veer_rts/4rts.htm'><b>Районная тепловая станция Волхонка-ЗИЛ</b></a><br><i>Азовская ул., д. 28</i>"
55.702136;37.855249;0.4085302924506547;"K";"<a href='http://www.mosenergoinform.ru/veer_rts/5rts.htm'><b>Районная тепловая станция Жулебино</b></a><br><i>Лермонтовский просп. д. 147 с. 1</i>"
55.599874;37.623347;0.11669953402740771;"K";"<a href='http://www.mosenergoinform.ru/veer_rts/8rts.htm'><b>Районная тепловая станция Красный Строитель</b></a><br><i>Дорожная ул., д. 9а</i>"
55.769722;37.403333;0.36940469218756394;"K";"<a href='http://www.mosenergoinform.ru/veer_rts/9rts.htm'><b>Районная тепловая станция Крылатское</b></a><br><i>Осенняя ул., д. 29</i>"
55.713889;37.423889;0.566433641584464;"K";"<a href='http://www.mosenergoinform.ru/veer_rts/10rts.htm'><b>Районная тепловая станция Кунцево</b></a><br><i>Верейская ул. д. 35</i>"
55.629178;37.644024;0.268812964751149;"K";"<a href='http://www.mosenergoinform.ru/veer_rts/11rts.htm'><b>Районная тепловая станция Ленино-Дачное</b></a><br><i>Кавказский бульв., д. 52</i>"
55.693611;37.451944;0.20255226979953012;"K";"<a href='http://www.mosenergoinform.ru/veer_rts/12rts.htm'><b>Районная тепловая станция Матвеевская</b></a><br><i>Очаковское шоссе, д. 14</i>"
55.844167;37.375;0.1818760388308898;"K";"<a href='http://www.mosenergoinform.ru/veer_rts/13rts.htm'><b>Районная тепловая станция Митино (РТС-38)</b></a><br><i>Пятницкое шоссе, д. 19</i>"
55.675556;37.66;0.12174676078177245;"K";"<a href='http://www.mosenergoinform.ru/veer_rts/14rts.htm'><b>Районная тепловая станция Нагатино</b></a><br><i>Андропова просп., д. 36 корп. 2</i>"
55.811716;37.616541;0.28852546733272516;"K";"<a href='http://www.mosenergoinform.ru/veer_rts/15rts.htm'><b>Районная тепловая станция Новомосковская</b></a><br><i>Новомосковская ул., д. 1а</i>"
55.852845;37.595837;0.6926101892778392;"K";"<a href='http://www.mosenergoinform.ru/veer_rts/16rts.htm'><b>Районная тепловая станция Отрадное</b></a><br><i>Сигнальный пр., д. 21</i>"
55.838989;37.347168;0.4051320067928287;"K";"<a href='http://www.mosenergoinform.ru/veer_rts/17rts.htm'><b>Районная тепловая станция Пенягино (РТС-40)</b></a><br><i>Дубравная ул., д. 55</i>"
55.653473;37.378065;0.3470458866047557;"K";"<a href='http://www.mosenergoinform.ru/veer_rts/18rts.htm'><b>Районная тепловая станция Переделкино</b></a><br><i>Боровское шоссе, д. 10</i>"
55.785572;37.642074;0.09961623731131744;"K";"<a href='http://www.mosenergoinform.ru/veer_rts/19rts.htm'><b>Районная тепловая станция Переяславская</b></a><br><i>Переяславская Б. ул., д. 36</i>"
55.745695;37.834137;0.3188246004244077;"K";"<a href='http://www.mosenergoinform.ru/veer_rts/20rts.htm'><b>Районная тепловая станция Перово</b></a><br>Также на территории строится мини-ТЭС<br><i>Кетчерская ул., д. 12</i>"
55.842358;37.654214;0.3584401615915116;"K";"<a href='http://www.mosenergoinform.ru/veer_rts/21rts.htm'><b>Районная тепловая станция Ростокино</b></a><br><i>Мира просп., д. 207</i>"
55.741229;37.412616;0.13155997983205184;"K";"<a href='http://www.mosenergoinform.ru/veer_rts/22rts.htm'><b>Районная тепловая станция Рублево</b></a><br><i>Оршанская ул., д. 6 корп. 2</i>"
55.64427;37.407636;0.35996261286078535;"K";"<a href='http://www.mosenergoinform.ru/veer_rts/23rts.htm'><b>Районная тепловая станция Солнцево</b></a><br><i>Щорса ул., д. 11 с. 1</i>"
55.611884;37.512775;0.24428229267005036;"K";"<a href='http://www.mosenergoinform.ru/veer_rts/25rts.htm'><b>Районная тепловая станция Теплый Стан</b></a><br><i>Новоясеневский просп., д.8 корп.3</i>"
55.858643;37.433592;0.43034212387899107;"K";"<a href='http://www.mosenergoinform.ru/veer_rts/26rts.htm'><b>Районная тепловая станция Тушино-1 (РТС-31)</b></a><br><i>Планерная ул., д. 2</i>"
55.843352;37.424848;0.2407704882174003;"K";"<a href='http://www.mosenergoinform.ru/veer_rts/27rts.htm'><b>Районная тепловая станция Тушино-2 (РТС-32)</b></a><br><i>Фабрициуса ул., д. 37</i>"
55.83245;37.408771;0.5904770460623933;"K";"<a href='http://www.mosenergoinform.ru/veer_rts/28rts.htm'><b>Районная тепловая станция Тушино-3 (РТС-37)</b></a><br><i>Походный пр., д. 2</i>"
55.841;37.425125;0.21718107283814084;"K";"<a href='http://www.mosenergoinform.ru/veer_rts/29rts.htm'><b>Районная тепловая станция Тушино-4 (РТС-39)</b></a><br><i>Строительный пр., д. 12</i>"
55.861271;37.414052;0.27811581937298213;"K";"<a href='http://www.mospromstroy.com/objects/built/tushino5/'><b>Районная тепловая станция Тушино-5</b></a><br><i>Строительный проезд, д. 14 корп. 1</i>"
55.734248;37.730763;0.28556060305514797;"K";"<a href='http://www.mosenergoinform.ru/veer_rts/30rts.htm'><b>Районная тепловая станция Фрезер</b></a><br><i>Фрезер шоссе, д. 14</i>"
55.865375;37.481172;0.40034938978667606;"K";"<a href='http://www.mosenergoinform.ru/veer_rts/31rts.htm'><b>Районная тепловая станция Химки-Ховрино</b></a><br><i>Беломорская ул., д. 38а</i>"
55.623675;37.586075;0.3692410495429601;"K";"<a href='http://www.mosenergoinform.ru/veer_rts/32rts.htm'><b>Районная тепловая станция Чертаново</b></a><br><i>Днепропетровская ул., д. 12</i>"
55.551265;37.523679;0.4580395075244431;"K";"<b>Районная тепловая станция Южное Бутово</b><br><i>Поляны улица, 75с3</i>"
55.885278;37.378056;1.5810015739498124;"K";"<a href='http://www.mosenergoinform.ru/veer_kts/1kts.htm'><b>Квартальная тепловая станция Захарьино</b></a><br><i>Куркинское шоссе, д. 29</i>"
55.710874;37.862166;0.15974295914170838;"K";"<a href='http://www.mosenergoinform.ru/veer_kts/2kts.htm'><b>Квартальная тепловая станция Косино</b></a><br><i>Косинская Б. ул., д. 18г</i>"
55.645855;37.699581;0.39436469071381264;"K";"<a href='http://www.mosenergoinform.ru/veer_kts/3kts.htm'><b>Районная тепловая станция Курьяново</b></a><br><i>Донецкая ул., д. 40</i>"
55.655426;37.703021;0.09291186698313664;"K";"<a href='http://www.mosenergoinform.ru/veer_kts/4kts.htm'><b>Квартальная тепловая станция Курьяново-2</b></a><br><i>Курьяновская 2-я ул., 7</i>"
55.688344;37.92872;0.23653378223170643;"K";"<a href='http://www.mosenergoinform.ru/veer_kts/5kts.htm'><b>Районная тепловая станция Некрасовка</b></a><br><i>Вольская 2-я ул, 17</i>"
55.681785;37.61868;0.1786839212973067;"K";"<a href='http://www.mosenergoinform.ru/veer_kts/6kts.htm'><b>Квартальная тепловая станция Нижние Котлы</b></a><br><i>Варшавское шоссе, 28А</i>"
55.539927;37.561796;0.2880257266654286;"K";"<a href='http://www.mosenergoinform.ru/veer_kts/7kts.htm'><b>Квартальная тепловая станция Радиоцентр-4</b></a><br><i>Краснолиманская ул., 19б</i>"
55.506978;37.559354;0.651938360210102;"K";"<a href='http://www.mosenergoinform.ru/veer_kts/8kts.htm'><b>Квартальная тепловая станция Щербинка</b></a><br><i>Новостроевская улица, 2</i>"
55.816389;37.594444;0.12135649653943201;"K";"<a href='http://www.mosenergoinform.ru/veer_kts/9kts.htm'><b>Квартальная тепловая станция «МИИТ»</b></a><br><i>Добролюбова улица, 18</i>"
55.754722;37.511944;0.1374756574677577;"K";"<a href='http://www.mosenergoinform.ru/veer_kts/10kts.htm'><b>Квартальная тепловая станция №11</b></a><br><i>Заречная улица, 4</i>"
55.668264;37.626936;0.1845091953480982;"K";"<a href='http://www.mosenergoinform.ru/veer_kts/12kts.htm'><b>Квартальная тепловая станция №17</b></a><br><i>Каширское шоссе, 4к2</i>"
55.668728;37.619445;0.482475417256258;"K";"<a href='http://www.mosenergoinform.ru/veer_kts/13kts.htm'><b>Квартальная тепловая станция №18</b></a><br><i>Криворожская улица, 4а</i>"
55.734338;37.494769;0.09047874499138217;"K";"<a href='http://www.mosenergoinform.ru/veer_kts/14kts.htm'><b>Квартальная тепловая станция №24</b></a><br><i>Кожиной Василисы улица, 21</i>"
55.731389;37.462778;0.14040561459760942;"K";"<a href='http://www.mosenergoinform.ru/veer_kts/16kts.htm'><b>Квартальная тепловая станция №26</b></a><br><i>Кастанаевская ул., д. 47</i>"
55.814648;37.727381;0.42191570047350174;"K";"<a href='http://www.mosenergoinform.ru/veer_kts/17kts.htm'><b>Квартальная тепловая станция №28</b></a><br><i>Бойцовая ул., д. 24</i>"
55.80814;37.720434;0.23558094793744497;"K";"<a href='http://www.mosenergoinform.ru/veer_kts/18kts.htm'><b>Квартальная тепловая станция №42</b></a><br><i>Гражданская 4-я ул., д. 41</i>"
55.812479;37.651062;0.359210695141204;"K";"<a href='http://www.mosenergoinform.ru/veer_kts/19kts.htm'><b>Квартальная тепловая станция №44</b></a><br><i>Маломосковская ул., д. 20</i>"
55.662671;37.607255;0.2740979425275886;"K";"<a href='http://www.mosenergoinform.ru/veer_kts/20kts.htm'><b>Квартальная тепловая станция №54</b></a><br><i>Фруктовая улица, 22к1</i>"
55.659722;37.355278;0.5651086405432044;"K";"<a href='http://www.mosenergoinform.ru/veer_kts/23kts.htm'><b>Квартальная тепловая станция №58</b></a><br><i>Лазенки 6-я ул., 40 </i>"
55.740556;37.476389;0.481360629682917;"K";"<b>Котельная №60 ФГУП им. Хруничева</b><br><i>Филевская Б. улица, 41а</i>"
55.819983;37.631395;0.31787105936016885;"K";"<a href='http://www.mosenergoinform.ru/veer_kts/24kts.htm'><b>Квартальная тепловая станция №8</b></a><br><i>Цандера улица, 14</i>"
55.537521;37.573545;0.13844925412648065;"K";"<b>Квартальная тепловая станция Мелитопольская</b><br><i>2-я Мелитопольская улица, 4Б</i>"
55.773297;37.572058;0.4783506125521571;"K";"<a href='http://www.mosenergoinform.ru/vedkotel/veer/314vedkotel.htm'><b>Котельная МЭМЗ Памяти Революции 1905 г. </b></a><br><i>Пресненский Вал улица, 27к10</i>"
55.616338;37.651764;0.1267333205479557;"K";"<b>Котельная ГКБ им. В.М. Буянова </b><br><i>Бакинская улица, 26с3</i>"
55.717665;37.861457;0.20369015332349039;"K";"<a href='http://www.mosenergoinform.ru/mosteplo/veer/67mosteplo.htm'><b>Малая котельная</b></a><br>Загрязнение воздуха для ближайших домов<br><i>Оранжерейная 8с1</i>"
55.860912;37.576923;0.5483675901739911;"w";"<b>Мусоросжигательный завод № 2 ГУП «Экотехпром»</b><br>На консервации с 2015 г.<br><i>Алтуфьевское шоссе, 33а</i>"
55.599745;37.635901;4700.0;"w";"<a href='http://www.eco-pro.ru/'><b>Мусоросжигательный завод № 3 ГУП «Экотехпром»</b></a><br><i>Подольских Курсантов ул., 22а</i>"
55.719628;37.934234;6400.0;"w";"<b>Мусоросжигательный завод № 4 ГУП «Экотехпром»</b><br><i>Пехорская ул., 1а</i>"
56.161944;37.106111;5.0;"w";"<b>Мусоросжигательный завод (в перспективе)</b><br><i>Хметьево, Солнечногорский район</i>"
55.345278;36.856111;5.0;"w";"<b>Мусоросжигательный завод (в перспективе)</b><br><i>Могутово, Наро-Фоминский городской округ</i>"
55.755833;38.301667;5.0;"w";"<b>Мусоросжигательный завод (в перспективе)</b><br><i>Тимохово, Богородский (Ногинский) городской округ</i>"
55.248279;38.480119;5.0;"w";"<a href='https://vk.com/svistyagino_protiv_msz'><b>Мусоросжигательный завод (в перспективе)</b></a><br><i>Свистягино, Воскресенский район</i>"
55.6768222;39.9014318;5.0;"w";"<b>Рошальский мусороперерабатывающий завод</b><br>(строится, примерное расположение)<br><i>Рошаль</i>"
55.5767;37.6361;0.7145097902891914;"p";"<a href='https://ru.wikipedia.org/wiki/%D0%A2%D0%AD%D0%A6-26'><b>ТЭЦ-26 Южная</b></a><br>Мосэнерго<br><i>Бирюлево Западное</i>"
55.893056;37.507778;0.8168728955496295;"p";"<a href='https://ru.wikipedia.org/wiki/%D0%A2%D0%AD%D0%A6-21'><b>ТЭЦ-21</b></a><br>Мосэнерго<br><i>Промзона «Коровино», Дмитровский район</i>"
55.8204;37.7751;0.7553058194348996;"p";"<a href='https://ru.wikipedia.org/wiki/%D0%A2%D0%AD%D0%A6-23'><b>ТЭЦ-23</b></a><br>Мосэнерго<br><i>Метрогородок</i>"
55.69493;37.44782;0.22119982498385288;"p";"<a href='https://ru.wikipedia.org/wiki/%D0%A2%D0%AD%D0%A6-25'><b>ТЭЦ-25</b></a><br>Мосэнерго<br><i>Очаково-Матвеевское</i>"
55.69974;37.5877;0.44082927352011103;"p";"<a href='https://ru.wikipedia.org/wiki/%D0%A2%D0%AD%D0%A6-20'><b>ТЭЦ-20</b></a><br>Мосэнерго<br><i>Академический район</i>"
55.78271;37.50393;0.47146434299722084;"p";"<a href='https://ru.wikipedia.org/wiki/%D0%A2%D0%AD%D0%A6-16'><b>ТЭЦ-16</b></a><br>Мосэнерго<br><i>Хорошево-Мневники</i>"
55.73554;37.56224;0.18032777655260557;"p";"<a href='https://ru.wikipedia.org/wiki/%D0%A2%D0%AD%D0%A6-12'><b>ТЭЦ-12</b></a><br>Мосэнерго<br><i>Дорогомилово</i>"
55.7236;37.7;0.9672982977348827;"p";"<a href='https://ru.wikipedia.org/wiki/%D0%A2%D0%AD%D0%A6-8'><b>ТЭЦ-8</b></a><br>Мосэнерго<br><i>Нижегородский район</i>"
55.75243;37.732;0.8517763813228539;"p";"<a href='https://ru.wikipedia.org/wiki/%D0%A2%D0%AD%D0%A6-11'><b>ТЭЦ-11</b></a><br>Мосэнерго<br><i>Шоссе Энтузиастов</i>"
55.70466;37.65171;0.30144268585458095;"p";"<a href='https://ru.wikipedia.org/wiki/%D0%A2%D0%AD%D0%A6-9'><b>ТЭЦ-9</b></a><br>Мосэнерго<br><i>Даниловский район</i>"
55.76;37.528333;0.9288159154125999;"p";"<a href='http://www.cityenergo.org/'><b>ТЭС Международная и РТС Красная Пресня</b></a><br>ОАО «ТПЕ-Сити»<br><i>Пресненский район</i>"
55.659444;37.401944;0.552526489369112;"p";"<a href='http://www.rosmiks.ru/Page/IndexRU?PagedId=10'><b>ГТЭС «Терёшково»</b></a><br>ООО «Росмикс»<br><i>Район Солнцево</i>"
55.722222;37.871389;0.5109047641537894;"p";"<a href='http://www.rosmiks.ru/Page/IndexRU?PagedId=11'><b>ГТЭС «Кожухово» (строится)</b></a><br>ООО «Росмикс»<br><i>Район Косино-Ухтомский</i>"
55.648333;37.641111;0.6818971057182791;"p";"<a href='http://mosenergoinform.ru/veer_rts/6rts.htm'><b>ГТЭС ВТК-Инвест и РТС «Коломенская» (МОЭК)</b></a><br><i>Промзона «Котляково», Москворечье-Сабурово</i>"
55.791389;37.384722;0.34081631717939587;"p";"<a href='http://www.mosenergoinform.ru/veer_rts/24rts.htm'><b>ПГУ-ТЭС «Строгино» и РТС «Строгино»</b></a><br>МОЭК<br><i>Строгино</i>"
55.611389;37.265278;0.36649898986912294;"p";"<a href='http://www.mospromstroy.com/objects/built/gtes-vnukovo/'><b>ГТЭС и РТС Внуково</b></a><br><i>Внуково</i>"
55.74743;37.63255;0.05358757484845437;"p";"<b>ГЭС-1 (Государственная электрическая станция № 1)</b><br>Мосэнерго<br><i></i>"
55.518568;37.579966;0.9762540947337734;"p";"<b>ГТЭС Щербинка</b><br>(строится)<br>Предполагаемое окончание строительства&nbsp;&mdash; 2020&nbsp;г.<br><i>Южное Бутово</i>"
54.85771;38.26143;5.0;"p";"<a href='http://irao-generation.ru/stations/kashirg/'><b>Каширская ГРЭС</b></a><br>Интер РАО<br><i>Кашира</i>"
55.58299;39.56282;5.0;"p";"<a href='http://www.unipro.energy/about/structure/affiliate/shaturskaya/'><b>Шатурская ГРЭС</b></a><br>Юнипро<br><i>Шатура</i>"
55.6335;37.8207;1.222149483047295;"p";"<a href='https://ru.wikipedia.org/wiki/%D0%A2%D0%AD%D0%A6-22'><b>ТЭЦ-22</b></a><br>Мосэнерго<br><i>Дзержинский</i>"
55.91591;37.68958;2.65859390327769;"p";"<a href='https://ru.wikipedia.org/wiki/%D0%A2%D0%AD%D0%A6-27'><b>ТЭЦ-27</b></a><br>Мосэнерго<br><i>Мытищи</i>"
55.88666;38.78517;5.0;"p";"<a href='https://ru.wikipedia.org/wiki/%D0%AD%D0%BB%D0%B5%D0%BA%D1%82%D1%80%D0%BE%D0%B3%D0%BE%D1%80%D1%81%D0%BA%D0%B0%D1%8F_%D0%93%D0%A0%D0%AD%D0%A1'><b>ГРЭС-3</b></a><br>Мосэнерго<br><i>Электрогорск</i>"
54.90243;38.05671;5.0;"p";"<a href='https://ru.wikipedia.org/wiki/%D0%A1%D1%82%D1%83%D0%BF%D0%B8%D0%BD%D1%81%D0%BA%D0%B0%D1%8F_%D0%A2%D0%AD%D0%A6'><b>ТЭЦ-17</b></a><br>Мосэнерго<br><i>Ступино</i>"
55.757778;38.443056;5.0;"p";"<a href='http://indpark.v-em.ru/projects/gtu-tets-29'><b>ТЭЦ-29</b></a><br>Входит в состав ГРЭС-3, Мосэнерго<br><i>Электросталь</i>"
55.808;38.993;5.0;"p";"<a href='http://www.rosteplo.ru/w/%D0%A2%D0%AD%D0%A6-6_%D0%9C%D0%BE%D1%81%D1%8D%D0%BD%D0%B5%D1%80%D0%B3%D0%BE'><b>ТЭЦ-6</b></a><br>Входит в состав ГРЭС-3, Мосэнерго<br><i>Орехово-Зуево</i>"
55.775833;38.659167;5.0;"p";"<a href='http://www.rosteplo.ru/w/%D0%93%D0%A0%D0%AD%D0%A1-3_%D0%9C%D0%BE%D1%81%D1%8D%D0%BD%D0%B5%D1%80%D0%B3%D0%BE'><b>ТЭЦ-30</b></a><br>Входит в состав ГРЭС-3, Мосэнерго<br><i>Павловский Посад</i>"
55.309444;38.688056;5.0;"p";"<b>ТЭЦ АО «Воскресенские минеральные удобрения»</b><br>АО «Воскресенские минеральные удобрения»<br><i>Воскресенск</i>"
56.7741571;37.1400118;5.0;"s";"<b>Поле аэрации</b><br><i>Дубна</i>"
55.7694581;38.3791494;5.0;"s";"<b>Бывшие отстойники</b><br><i>Электросталь</i>"
55.2475704;38.737278;5.0;"s";"<b>Очистные сооружения</b><br><i>Воскресенск</i>"
55.0967883;38.8643074;5.0;"s";"<b>Очистные сооружения</b><br><i>Коломна</i>"
55.5531678;39.5315337;5.0;"s";"<b>Очистные сооружения</b><br><i>Шатура</i>"
55.6807542;39.8741269;5.0;"s";"<b>Очистные сооружения</b><br><i>Рошаль</i>"
55.9200651;38.0248833;5.0;"s";"<b>Очистные сооружения «Экоаэросталкер»</b><br><i>Щелково</i>"
55.9133192;38.0206132;5.0;"s";"<b>Очистные сооружения</b><br><i>Щелково</i>"
55.552379;38.109062;5.0;"s";"<b>Очистные сооружения</b><br><i>Жуковский</i>"
55.655008;37.688075;3000.0;"s";"<a href='http://www.mosvodokanal.ru/sewerage/sewagetreatmentplants/kuryanovskie.php'><b>Курьяновские очистные сооружения</b></a><br>Крупнейшие в Европе сооружения по очистке канализационных стоков. Источник неприятных запахов (сероводород)<br>Мосводоканал<br><i>Печатники</i>"
55.686804;37.934554;3000.0;"s";"<a href='http://www.mosvodokanal.ru/sewerage/sewagetreatmentplants/lyuberetskie.php'><b>Люберецкие очистные сооружения</b></a><br>Мосводоканал<br><i>Некрасовка</i>"
55.978523;37.258035;1000.0;"s";"<a href='http://www.mosvodokanal.ru/sewerage/sewagetreatmentplants/zelenograd.php'><b>Очистные сооружения Зеленограда</b></a><br>Мосводоканал<br><i>Савёлки</i>"
55.525578;37.524222;1000.0;"s";"<a href='http://www.mosvodokanal.ru/sewerage/sewagetreatmentplants/uzhnoebutovo.php'><b>Очистные сооружения Южное Бутово</b></a><br>Мосводоканал<br><i>Южное Бутово</i>"
55.7045315;37.9073167;0.5099508278529795;"n";"<a href='https://rg.ru/2015/02/09/nekrasovka-site.html'><b>Бывший полигон ТБО «Некрасовка»</b></a><br>Закрыт в 2010 г., рекультивировался в 2016&ndash;2017 гг.<br>Планируется создать парк; ТБО останутся внутри горки<br><i>Люберецкий район</i>"
55.7123956;37.9319072;0.4621711762606957;"n";"<b>Бывшая территория мусоросжигательного завода «Эколог»</b><br>Завод занимался уничтожением трупов животных<br>Закрыт в 2014 г., здания снесены, верхние 2&ndash;3 метра грунта вывезены<br><i>Кожуховская Горка, 2, Люберцы </i>"
55.7296379;37.9486656;2.645417235506951;"w";"<a href='https://ru.wikipedia.org/wiki/%D0%9A%D1%83%D1%87%D0%B8%D0%BD%D0%BE_(%D0%BF%D0%BE%D0%BB%D0%B8%D0%B3%D0%BE%D0%BD_%D0%A2%D0%91%D0%9E)'><b>Полигон ТБО Кучино</b></a><br>Закрыт. Действовал в 1964-2017 гг. Рекультивация с 2018 г.<br><i>Балашиха</i>"
56.0167298;36.0384929;5000.0;"w";"<b>Полигон ТБО Ядрово</b><br>Закрыт в 2018 г.<br><i>Волоколамск</i>"
56.426802;37.5691974;5000.0;"w";"<b>Полигон ТБО Непейно</b><br>Расширение в 2019 г.<br><i>Дмитров</i>"
54.7800734;38.7536019;5.0;"w";"<b>Полигон ТБО Солопово</b><br>Закрыт в конце 2016 г.<br><i>Солопово, Зарайский район</i>"
55.0380323;38.6597943;5000.0;"w";"<b>Полигон ТБО Воловичи</b><br>Существует с 1990 г. Ведутся работы по расширению полигона<br><i>Коломна</i>"
54.8555028;38.9421451;5000.0;"w";"<b>Полигон ТБО Астапово</b><br>Действует, планировался к закрытию в 2017 г. <br><i>Астапово, Луховицкий район</i>"
55.6952593;38.0371571;5000.0;"w";"<b>Полигон ТБО Торбеево</b><br>Эксплуатация до 2020 г.<br><i>Красково, Люберецкий район</i>"
55.459596;35.6686404;5000.0;"w";"<b>Полигон ТБО Храброво</b><br>Ведутся работы по расширению полигона<br><i>Храброво, Можайский район</i>"
55.9661009;37.7609646;5000.0;"w";"<b>Полигон ТБО Каргашино</b><br>Закрыт в 2019 г.<br><i>Мытищи</i>"
55.7580897;38.2964516;5000.0;"w";"<b>Полигон ТБО Тимохово</b><br>Эксплуатация до 2030 г.<br><i>Ногинск</i>"
54.8579762;38.4833238;5000.0;"w";"<b>Полигон ТБО Озеры</b><br>Эксплуатация до 2021 г.<br><i>Озеры</i>"
55.8906318;38.9303957;5000.0;"w";"<b>Полигон ТБО Малая Дубна</b><br>Эксплуатация до 2019 г.<br><i>Орехово-Зуево</i>"
56.0703527;38.0839294;5.0;"w";"<b>Полигон ТБО Царево</b><br>Закрыт в 2017 г.<br><i>Пушкинский район</i>"
55.5533134;39.5270222;5000.0;"w";"<b>Полигон ТБО Шатурский</b><br>Эксплуатация до 2024 г.<br><i>Шатура</i>"
55.2912375;36.6735113;5.0;"w";"<b>Полигон ТБО Каурцево</b><br>Закрыт в 2017 г.<br><i>Наро-Фоминский район</i>"
55.6205571;36.9110477;5.0;"w";"<b>Полигон ТБО Часцы</b><br>Закрыт в 2014 г., незаконно принимал отходы, горел в 2018 г.<br><i>Одинцовский район</i>"
55.7603982;36.3658726;5.0;"w";"<b>Полигон ТБО Аннино</b><br>Закрыт. Действовал в 1975-2016 гг. Горел в 2018 г.<br><i>Рузский район</i>"
55.9870398;38.045944;5000.0;"w";"<b>Полигон ТБО Сабурово</b><br>Эксплуатация до 2019 г.<br><i>Щелковский район</i>"
55.4080536;39.0394503;5000.0;"w";"<b>Полигон ТБО Егорьевский</b><br>Эксплуатация до 2020 г.<br><i>Егорьевск</i>"
54.9797563;37.3993814;5.0;"w";"<b>Полигон ТБО Съяново-1</b><br>Закрыт в конце 2016 г.<br><i>Петрово-Дальнее, Серпуховской район</i>"
56.3572576;36.811924;5000.0;"w";"<b>Полигон ТБО Алексинский карьер</b><br>Ведутся работы по расширению полигона<br><i>Клин</i>"
54.925058;37.3310602;5000.0;"w";"<b>Полигон ТБО «Лесная»</b><br>Эксплуатация до 2024 г.<br><i>Большевик, Серпуховской район</i>"
55.1085243;37.4547261;5.0;"w";"<b>Полигон ТБО Кулаковский карьер</b><br>Закрыт. Действовал в 1959-2017 гг.<br><i>Чеховский район</i>"
56.2072196;37.4042416;5.0;"w";"<b>Полигон ТБО Дмитровский (Икша)</b><br>Закрыт в 2015 г.<br><i>Дмитровский район</i>"
54.7901021;38.2385802;5.0;"w";"<b>Полигон ТБО Каширский (Ожерелье)</b><br>Закрыт в 2015 г.<br><i>Каширский район</i>"
56.732171;37.2038484;5.0;"w";"<b>Полигон ТБО Дубна правобережная</b><br>Закрыт в 2015 г.<br><i>Дубна</i>"
56.161459;37.1058083;5.0;"w";"<b>Полигон ТБО Хметьево</b><br>Закрыт в 2014 г.<br><i>Солнечногорский район</i>"
55.3693983;38.0124781;5.0;"w";"<b>Полигон ТБО Жирошкино</b><br>Закрыт в 2009 г.<br><i>Домодедово</i>"
55.7497089;36.8891072;5.0;"w";"<b>Полигон ТБО Супонево</b><br>Закрыт в 2000 г.<br><i>Одинцовский район</i>"
55.8676722;36.9294477;5.0;"w";"<b>Полигон ТБО Павловское</b><br>Закрыт в 2015 г.<br><i>Истринский район</i>"
56.2743678;35.6536388;5.0;"w";"<b>Полигон ТБО Ошенево</b><br>Закрыт в 2014 г.<br><i>Лотошинский район</i>"
55.3005405;36.7834282;5.0;"w";"<b>Полигон ТБО Слизнево</b><br>Закрыт в 2007 г.<br><i>Наро-Фоминский район</i>"
55.570769;38.9760804;5.0;"w";"<b>Полигон ТБО Заволенье</b><br>Закрыт в 2015 г.<br><i>Орехово-Зуевский район</i>"
55.4420575;38.3194757;5.0;"w";"<b>Полигон ТБО Торопово</b><br>Закрыт в 2007 г.<br><i>Раменский район</i>"
56.4385536;38.0669188;5.0;"w";"<b>Полигон ТБО Парфеново</b><br>Закрыт в 2014 г.<br><i>Сергиево-Посадский район</i>"
55.5627005;38.2788992;5.0;"w";"<b>Полигон ТБО Сафоново</b><br>Закрыт в 2013 г.<br><i>Раменское</i>"
55.767225;38.3741283;5.0;"w";"<b>Полигон ТБО Электросталь</b><br>Закрыт в 2013 г.<br><i>Электросталь</i>"
56.7722259;37.1494746;5.0;"w";"<b>Полигон ТБО Дубна левобережная</b><br>Закрыт в 2014 г.<br><i>Дубна</i>"
55.7286507;38.6213422;5.0;"w";"<b>Полигон ТБО Быково</b><br>Закрыт в 2013 г.<br><i>Павлово-Посадский район</i>"
54.9243367;37.1947074;5.0;"w";"<b>Полигон ТБО Протвино</b><br>Закрыт в 2014 г.<br><i>Протвино</i>"
55.9051191;37.5014019;1.2329713153603907;"w";"<b>Полигон ТБО Левобережный</b><br>Закрыт в 2012 г.<br><i>Химки</i>"
54.9213895;38.1222367;5.0;"w";"<b>Полигон ТБО Вальцово</b><br>Закрыт в 2015 г.<br><i>Ступинский район</i>"
56.7038563;37.4721175;5.0;"w";"<b>Полигон ТБО Талдомский</b><br>Закрыт в 2014 г.<br><i>Талдом</i>"
56.040223;35.4168266;5.0;"w";"<b>Полигон ТБО Княжьи горы</b><br>Закрыт в 2014 г.<br><i>Шаховской район</i>"
55.9107287;37.5030327;1.6340011344682768;"w";"<b>Полигон ТБО Долгопрудный</b><br>Закрыт в 2014 г.<br><i>Долгопрудный</i>"
54.5038725;38.7632418;5.0;"w";"<b>Полигон ТБО Семенково</b><br>Закрыт в 2015 г.<br><i>Серебрянопрудский район</i>"
55.4371898;37.6510477;5.0;"w";"<b>Щербинка ТБПО</b><br>Закрыт в 1988 г.<br><i>Домодедовский район</i>"
55.6729019;39.903127;5.0;"w";"<b>Полигон ТБО «Рошаль»</b><br>Закрыт после 2009 г.<br><i>Рошаль</i>"
55.590084;36.476798;5.0;"w";"<b>Полигон ТБО «Тучково»</b><br>Закрыт в 2010 г.<br><i>Рузский район</i>"
55.6752493;37.9657245;2.011783174900143;"w";"<b>Полигон ТБО Машково</b><br>Закрыт в 2011 г.<br><i>Люберецкий район</i>"
55.460244;37.779;5.0;"w";"<b>Полигон ТБО Домодедово</b><br>Закрыт до 2009 г.<br><i>Домодедовский район</i>"
55.5058583;38.1408942;5.0;"w";"<b>Полигон ТБО «Становое»</b><br>Закрыт до 2009 г.<br><i>Раменский район</i>"
55.5462853;38.1160355;5.0;"w";"<b>Полигон ТБО Наркомвод</b><br>Закрыт в 2003 г.<br><i>Раменский район</i>"
55.8878581;38.7392199;5.0;"w";"<a href='http://gzt-gorod.ru/node/872'><b>Полигон ТБО Электрогорский (Липовская свалка)</b></a><br>Официально закрыт в 2003 г., однако мусор завозился и в 2016 г.<br><i>Павлово-Посадский район</i>"
55.1155875;38.0211604;5.0;"w";"<a href='http://www.kvartirazamkad.ru/envmap'><b>Полигон ТБО «39-й квартал Ульяновского лесничества» </b></a><br>Работал до 2015 г.<br><i>Ступинский район</i>"
55.1769072;38.35899;5.0;"w";"<b>Полигон ТБО Мещерино-1</b><br>Закрыт<br><i>Ступинский район</i>"
56.0429153;36.9994104;5.0;"w";"<b>Незаконный полигон ТБО — Рекультивируемый Поваровский песчаный карьер</b><br>Действовал в 2002-2012 гг. Закрыт и засыпан грунтом<br><i>Поварово, Солнечногорский район</i>"
55.7210678;38.0225444;5.0;"w";"<b>Саввинская свалка ТБО</b><br>Незаконная свалка, засыпана грунтом в 2012 г.<br><i>Пуршево, Балашихинский район</i>"
55.7219621;38.0616403;5.0;"w";"<a href='http://www.vbalashihe.ru/news/news.php?news_id=23457'><b>Полигон ТБО Пуршево</b></a><br>Действовал в 2006-2013 гг.<br><i>Пуршево, Балашихинский район</i>"
55.4339199;38.6352682;5.0;"w";"<b>Полигон ТБО Ашитково (незаконный)</b><br>Закрыт в 2014 г.<br><i>Воскресенский район</i>"
55.997709;37.375145;5.0;"w";"<b>Полигон ТБО Шемякино (незаконный)</b><br>Действовал в 2008-2010 гг.<br><i>Химки</i>"
55.4392105;37.6776123;5.0;"w";"<b>Полигон ТБПО Щербинка-2 (незаконный)</b><br>Закрыт после 2013 г.<br><i>Домодедовский район</i>"
55.379464;37.296717;5000.0;"w";"<b>Полигон ТБО Малинки</b><br>В 2017 г. принято решение о консервации. Также рассматривался проект расширения<br><i>Троицкий округ</i>"
55.6096911;37.4190044;1.107240134312469;"w";"<b>Полигон ТБО Саларьево</b><br>Закрыт в 2007 г.<br><i>Новомосковский округ</i>"
55.5744711;37.4180603;0.10438716866771627;"w";"<b>Полигон ТБО Летово</b><br>Закрыт в 2007 г.<br><i>Новомосковский округ</i>"
55.80041;38.91388;5.0;"c";"<b>Свалка химических отходов</b><br> бывшего завода пластмасс «Карболит»<br><i>Орехово-Зуево</i>"
55.678419;37.441;0.9142868620624438;"w";"<b>Полигон захоронения отходов от разборки пятиэтажного жилого фонда</b><br><i>Очаково-Матвеевское</i>"
56.397644;37.520986;5.0;"o";"<a href='http://www.ilimgroup.ru/'><b>Илим Гофра, филиал в Дмитрове</b></a><br>Группа «Илим»<br><i>Дмитров</i>"
55.5646601;39.576273;5.0;"o";"<a href='http://www.shatura.com'><b>Шатурский мебельный комбинат</b></a><br>Производство ДСП и мебели<br><i>Шатура</i>"
55.910902;38.016681;5.0;"o";"<b>Мебельные фабрики «Лидер» и «Роникон»</b><br><i>Щелково</i>"
